SCEDTimestamp,RepeatedHourFlag,SettlementPoint,LMP
04/14/2022 18:35:17,N,AEEC,       -6.44
04/14/2022 18:35:17,N,AJAXWIND_RN,       -1.34
04/14/2022 18:35:17,N,ALGOD_ALL_RN,       24.42
04/14/2022 18:35:17,N,ALVIN_RN,        3.72
04/14/2022 18:35:17,N,AMADEUS_ALL,       -1.58
04/14/2022 18:35:17,N,AMISTAD_ALL,      -31.66
04/14/2022 18:35:17,N,AMOCOOIL_CC1,       67.95
04/14/2022 18:35:17,N,AMOCOOIL_CC2,       67.95
04/14/2022 18:35:17,N,AMOCO_PUN1,       67.95
04/14/2022 18:35:17,N,AMOCO_PUN2,       67.95
04/14/2022 18:35:17,N,AMO_AMOCO_1,       67.95
04/14/2022 18:35:17,N,AMO_AMOCO_2,       67.95
04/14/2022 18:35:17,N,AMO_AMOCO_5,       67.95
04/14/2022 18:35:17,N,AMO_AMOCO_G1,       67.95
04/14/2022 18:35:17,N,AMO_AMOCO_G2,       67.95
04/14/2022 18:35:17,N,AMO_AMOCO_G3,       67.95
04/14/2022 18:35:17,N,AMO_AMOCO_S1,       67.95
04/14/2022 18:35:17,N,AMO_AMOCO_S2,       67.95
04/14/2022 18:35:17,N,ANACACHO_ANA,      -27.82
04/14/2022 18:35:17,N,ANCHOR_ALL,       -1.53
04/14/2022 18:35:17,N,ANSON1_ALL,       -1.58
04/14/2022 18:35:17,N,AQUI_ALL,       30.59
04/14/2022 18:35:17,N,ARAGORN_RN,       -1.12
04/14/2022 18:35:17,N,ASTRA_RN,       -3.99
04/14/2022 18:35:17,N,ATK_ATKINSG7,       33.40
04/14/2022 18:35:17,N,AUSTPL_ALL,       25.20
04/14/2022 18:35:17,N,AVIAT_ALL,       -3.34
04/14/2022 18:35:17,N,AZURE_RN,       -1.86
04/14/2022 18:35:17,N,AZ_ALL,       47.74
04/14/2022 18:35:17,N,BAC_RN_ALL,       67.95
04/14/2022 18:35:17,N,BAFFIN_ALL,        -.32
04/14/2022 18:35:17,N,BAIRDWND_ALL,       -1.66
04/14/2022 18:35:17,N,BARROW_ALL,        -.50
04/14/2022 18:35:17,N,BASTEN_CC1,       24.55
04/14/2022 18:35:17,N,BASTEN_CCU,       24.55
04/14/2022 18:35:17,N,BATCAVE_RN,       18.78
04/14/2022 18:35:17,N,BBREEZE_1_2,      -34.44
04/14/2022 18:35:17,N,BCATWD_WD_1,        4.91
04/14/2022 18:35:17,N,BCH_RN,       61.16
04/14/2022 18:35:17,N,BCK_RN,       36.62
04/14/2022 18:35:17,N,BIGSTAR_ALL,       24.30
04/14/2022 18:35:17,N,BLACKJAK_RN,       24.87
04/14/2022 18:35:17,N,BLSMT1_5_A_6,       -2.04
04/14/2022 18:35:17,N,BLUEJAY_RN,       33.61
04/14/2022 18:35:17,N,BOOTLEG_UN1,       -2.14
04/14/2022 18:35:17,N,BORDAS_345,      -20.66
04/14/2022 18:35:17,N,BOSQUESW_CC1,       29.21
04/14/2022 18:35:17,N,BOSQUESW_CC2,       29.70
04/14/2022 18:35:17,N,BOSQ_BSQSU_5,       29.70
04/14/2022 18:35:17,N,BOSQ_BSQS_12,       29.70
04/14/2022 18:35:17,N,BOSQ_BSQS_34,       29.21
04/14/2022 18:35:17,N,BRANDON_RN,       -8.11
04/14/2022 18:35:17,N,BRAUNIG_CC1,       23.16
04/14/2022 18:35:17,N,BRAUNIG_VHB1,       23.16
04/14/2022 18:35:17,N,BRAUNIG_VHB2,       23.15
04/14/2022 18:35:17,N,BRAUNIG_VHB3,       23.12
04/14/2022 18:35:17,N,BRAZ_WND_ALL,         .23
04/14/2022 18:35:17,N,BRA_AVR1_CT2,       23.16
04/14/2022 18:35:17,N,BRA_AVR_CST1,       23.16
04/14/2022 18:35:17,N,BRHEIGHT_RN,       67.95
04/14/2022 18:35:17,N,BRIGHTSD_RN,       30.34
04/14/2022 18:35:17,N,BRISCOE_WIND,       -3.48
04/14/2022 18:35:17,N,BRPANGLE_RN,       83.50
04/14/2022 18:35:17,N,BRPMAGNO_RN,      136.19
04/14/2022 18:35:17,N,BRP_BRAZ_RN,       85.42
04/14/2022 18:35:17,N,BRP_DIKN_RN,      110.78
04/14/2022 18:35:17,N,BRP_LOOP_RN,       31.57
04/14/2022 18:35:17,N,BRP_LOP1_RN,       -6.44
04/14/2022 18:35:17,N,BRP_PBL1_RN,       46.12
04/14/2022 18:35:17,N,BRP_PBL2_RN,       46.12
04/14/2022 18:35:17,N,BRP_RN_UNIT1,       23.26
04/14/2022 18:35:17,N,BRP_SEMI_RN,      -82.21
04/14/2022 18:35:17,N,BRP_SWNY_RN,       86.92
04/14/2022 18:35:17,N,BRP_ZPT1_RN,       -4.10
04/14/2022 18:35:17,N,BRP_ZPT2_RN,       -4.10
04/14/2022 18:35:17,N,BRTSW_BCW1,       23.06
04/14/2022 18:35:17,N,BR_VHB6CT5_6,       23.16
04/14/2022 18:35:17,N,BR_VHB6CT7_8,       23.16
04/14/2022 18:35:17,N,BSS_U1,       88.82
04/14/2022 18:35:17,N,BTE_BTE_G1,       46.52
04/14/2022 18:35:17,N,BTE_BTE_G2,       46.52
04/14/2022 18:35:17,N,BTE_BTE_G3,       46.52
04/14/2022 18:35:17,N,BTE_BTE_G4,       46.52
04/14/2022 18:35:17,N,BTE_CC1,       46.52
04/14/2022 18:35:17,N,BTE_PUN1,       46.52
04/14/2022 18:35:17,N,BTE_PUN2,       46.52
04/14/2022 18:35:17,N,BUCHAN_ALL,       24.88
04/14/2022 18:35:17,N,BUCKTHRN_RN,       22.21
04/14/2022 18:35:17,N,BUFF_GAP_ALL,       -1.00
04/14/2022 18:35:17,N,BULLCRK_1_2,        -.58
04/14/2022 18:35:17,N,BVE_CC1,       36.35
04/14/2022 18:35:17,N,BVE_UNIT1,       36.35
04/14/2022 18:35:17,N,BVE_UNIT2,       36.35
04/14/2022 18:35:17,N,BVE_UNIT3,       36.35
04/14/2022 18:35:17,N,BYRDR_ES_ALL,       86.92
04/14/2022 18:35:17,N,BYU_BYU_1,       53.72
04/14/2022 18:35:17,N,BYU_BYU_12,       53.72
04/14/2022 18:35:17,N,BYU_BYU_34,       53.72
04/14/2022 18:35:17,N,BYU_BYU_G8,       53.73
04/14/2022 18:35:17,N,BYU_CC1,       53.72
04/14/2022 18:35:17,N,BYU_PUN1,       53.72
04/14/2022 18:35:17,N,BYU_PUN2,       53.72
04/14/2022 18:35:17,N,BYU_PUN3,       53.72
04/14/2022 18:35:17,N,BYU_PUN4,       53.72
04/14/2022 18:35:17,N,B_DAVIS_3,       27.02
04/14/2022 18:35:17,N,B_DAVIS_4,       27.02
04/14/2022 18:35:17,N,B_DAVIS_CC1,       27.02
04/14/2022 18:35:17,N,B_D_B_DAVIG1,       27.02
04/14/2022 18:35:17,N,B_D_B_DAVIG2,       27.02
04/14/2022 18:35:17,N,CABEZON_ALL,      -20.84
04/14/2022 18:35:17,N,CALAVER_JKS1,       23.13
04/14/2022 18:35:17,N,CALAVER_JKS2,       23.13
04/14/2022 18:35:17,N,CALAVER_JTD1,       23.11
04/14/2022 18:35:17,N,CALAVER_JTD2,       23.11
04/14/2022 18:35:17,N,CALAVER_OWS1,       23.11
04/14/2022 18:35:17,N,CALAVER_OWS2,       23.15
04/14/2022 18:35:17,N,CALHOUN_ALL,      -14.15
04/14/2022 18:35:17,N,CALLAHA_WND1,         .04
04/14/2022 18:35:17,N,CAL_CALGT1,       48.04
04/14/2022 18:35:17,N,CAL_CALSTG1,       48.04
04/14/2022 18:35:17,N,CAL_CC1,       48.04
04/14/2022 18:35:17,N,CAL_PUN1,       48.04
04/14/2022 18:35:17,N,CAL_PUN2,       48.04
04/14/2022 18:35:17,N,CAMWIND_RN,       -7.29
04/14/2022 18:35:17,N,CAPRIDG4_CR4,       -3.34
04/14/2022 18:35:17,N,CAPRIDGE_ALL,       -3.34
04/14/2022 18:35:17,N,CARBN_BSP_1,        2.15
04/14/2022 18:35:17,N,CASL_GAP_UN1,       -2.16
04/14/2022 18:35:17,N,CBECII_1,       36.88
04/14/2022 18:35:17,N,CBECII_2,       36.88
04/14/2022 18:35:17,N,CBECII_89,       36.88
04/14/2022 18:35:17,N,CBECII_CC3,       36.88
04/14/2022 18:35:17,N,CBECII_CT7,       36.88
04/14/2022 18:35:17,N,CBEC_ALL,      255.98
04/14/2022 18:35:17,N,CBEC_CC1,      255.98
04/14/2022 18:35:17,N,CBEC_CC2,      255.98
04/14/2022 18:35:17,N,CBY4_ALL,       47.04
04/14/2022 18:35:17,N,CBY4_CC1,       47.04
04/14/2022 18:35:17,N,CBY_CBY_G1,       47.72
04/14/2022 18:35:17,N,CBY_CBY_G2,       47.23
04/14/2022 18:35:17,N,CCEC_CC1,       25.85
04/14/2022 18:35:17,N,CCEC_GT1,       25.85
04/14/2022 18:35:17,N,CCEC_GT2,       25.85
04/14/2022 18:35:17,N,CCEC_PUN1,       25.85
04/14/2022 18:35:17,N,CCEC_PUN2,       25.85
04/14/2022 18:35:17,N,CCEC_ST1,       25.85
04/14/2022 18:35:17,N,CEDROHI_CHW1,      -27.96
04/14/2022 18:35:17,N,CFLATS_UNIT,        6.40
04/14/2022 18:35:17,N,CHALUP_ALL,       -7.12
04/14/2022 18:35:17,N,CHAMON_UN1,       45.04
04/14/2022 18:35:17,N,CHAMON_UN2,       45.04
04/14/2022 18:35:17,N,CHEDPW_GT2,       42.71
04/14/2022 18:35:17,N,CHE_CC1,       42.95
04/14/2022 18:35:17,N,CHE_LYD,       43.63
04/14/2022 18:35:17,N,CHE_LYD2,       43.63
04/14/2022 18:35:17,N,CHE_PUN1,       43.63
04/14/2022 18:35:17,N,CHE_PUN2,       43.63
04/14/2022 18:35:17,N,CHISMGRD_RN,       30.33
04/14/2022 18:35:17,N,CITYVICT_ALL,       28.69
04/14/2022 18:35:17,N,CN_BRKS_UNT1,       -3.84
04/14/2022 18:35:17,N,COL_COLETOG1,       25.94
04/14/2022 18:35:17,N,CONIGLIO_RN,       30.57
04/14/2022 18:35:17,N,CORAZON_RN,      -17.73
04/14/2022 18:35:17,N,COTPLNS_RN,       -3.62
04/14/2022 18:35:17,N,COTTON_PAP2,       25.61
04/14/2022 18:35:17,N,CPSES_UNIT1,       30.66
04/14/2022 18:35:17,N,CPSES_UNIT2,       30.66
04/14/2022 18:35:17,N,CRANELL_ALL,       24.87
04/14/2022 18:35:17,N,CROSSETT_ALL,       -2.29
04/14/2022 18:35:17,N,CSC_CSECG1_2,         .02
04/14/2022 18:35:17,N,CVC_CC1,       42.62
04/14/2022 18:35:17,N,CVC_CVCG1_5,       42.62
04/14/2022 18:35:17,N,CVC_CVC_G2,       42.62
04/14/2022 18:35:17,N,CVC_CVC_G3,       42.62
04/14/2022 18:35:17,N,DANSBY_ALL,       33.23
04/14/2022 18:35:17,N,DC2SES_ALL,       28.58
04/14/2022 18:35:17,N,DC_E,       30.64
04/14/2022 18:35:17,N,DC_L,       -1.20
04/14/2022 18:35:17,N,DC_N,       -1.70
04/14/2022 18:35:17,N,DC_R,      -11.34
04/14/2022 18:35:17,N,DC_S,       51.20
04/14/2022 18:35:17,N,DDPEC_CC1,       52.53
04/14/2022 18:35:17,N,DDPEC_GT1,       52.53
04/14/2022 18:35:17,N,DDPEC_GT2,       52.53
04/14/2022 18:35:17,N,DDPEC_GT3,       52.53
04/14/2022 18:35:17,N,DDPEC_GT4,       52.53
04/14/2022 18:35:17,N,DDPEC_GT6,       52.53
04/14/2022 18:35:17,N,DDPEC_ST1,       52.53
04/14/2022 18:35:17,N,DECKER_DPG1,       25.16
04/14/2022 18:35:17,N,DECKER_DPG2,       25.16
04/14/2022 18:35:17,N,DECKER_GT,       25.14
04/14/2022 18:35:17,N,DENISON_G1_2,       30.50
04/14/2022 18:35:17,N,DERMOTT_ALL,       -1.58
04/14/2022 18:35:17,N,DIB_CC1,       50.05
04/14/2022 18:35:17,N,DIB_DIB_G1,       50.05
04/14/2022 18:35:17,N,DIB_DIB_G2,       50.05
04/14/2022 18:35:17,N,DIB_DIB_G3,       50.05
04/14/2022 18:35:17,N,DIB_DIB_G4,       50.05
04/14/2022 18:35:17,N,DIB_PUN1,       50.05
04/14/2022 18:35:17,N,DIB_PUN2,       50.05
04/14/2022 18:35:17,N,DOWGEN_PUN1,       36.65
04/14/2022 18:35:17,N,DOWGEN_PUN2,       36.65
04/14/2022 18:35:17,N,DOWGEN_PUN3,       36.65
04/14/2022 18:35:17,N,DOW_61_2_63,       36.65
04/14/2022 18:35:17,N,DOW_64,       36.65
04/14/2022 18:35:17,N,DOW_81_2_84,       36.65
04/14/2022 18:35:17,N,DOW_G37_G35,       36.65
04/14/2022 18:35:17,N,DOW_G66_ST65,       36.65
04/14/2022 18:35:17,N,DOW_G67,       36.65
04/14/2022 18:35:17,N,DOW_G96_ST95,       36.65
04/14/2022 18:35:17,N,DUKE_CC1,      -12.94
04/14/2022 18:35:17,N,DUKE_GST1CCU,      -12.94
04/14/2022 18:35:17,N,DUKE_GT2_CCU,      -12.94
04/14/2022 18:35:17,N,DUP_PUN1,       22.45
04/14/2022 18:35:17,N,DUP_PUN2,       22.45
04/14/2022 18:35:17,N,DUP_PUN3,       22.45
04/14/2022 18:35:17,N,DUP_PUN4,       22.45
04/14/2022 18:35:17,N,ECLIPSE_UN1,      -28.96
04/14/2022 18:35:17,N,ELB_ELBCREEK,        -.71
04/14/2022 18:35:17,N,ELECTRAW_1_2,       -1.71
04/14/2022 18:35:17,N,ELS_RN_1,       30.55
04/14/2022 18:35:17,N,EL_RAYO_ALL,       -7.74
04/14/2022 18:35:17,N,ENAS_ENA1,        1.25
04/14/2022 18:35:17,N,ERSL_RN,       21.31
04/14/2022 18:35:17,N,ETCCS_CC1,       30.60
04/14/2022 18:35:17,N,ETCCS_CCU,       30.60
04/14/2022 18:35:17,N,EUNICE_ALL,        -.45
04/14/2022 18:35:17,N,EXGNSND_RN,       -4.10
04/14/2022 18:35:17,N,EXGNWTL_1,      -27.96
04/14/2022 18:35:17,N,EXN_14,       47.25
04/14/2022 18:35:17,N,EXN_1_3,       47.25
04/14/2022 18:35:17,N,EXN_4,       47.25
04/14/2022 18:35:17,N,EXN_8,       47.25
04/14/2022 18:35:17,N,EXN_9_13,       47.25
04/14/2022 18:35:17,N,EXN_PUN1,       47.25
04/14/2022 18:35:17,N,EXN_PUN2,       47.25
04/14/2022 18:35:17,N,EXN_PUN3,       47.25
04/14/2022 18:35:17,N,E_BLACK_RN,       26.68
04/14/2022 18:35:17,N,FAL_FALCONG1,       -7.73
04/14/2022 18:35:17,N,FAL_FALCONG2,       -7.73
04/14/2022 18:35:17,N,FAL_FALCONG3,       -7.73
04/14/2022 18:35:17,N,FAULKNER_RN,       -1.21
04/14/2022 18:35:17,N,FEGC_RN,       52.63
04/14/2022 18:35:17,N,FERGCC_CC1,       23.70
04/14/2022 18:35:17,N,FERGCC_GT1_1,       23.70
04/14/2022 18:35:17,N,FERGCC_GT2_3,       23.70
04/14/2022 18:35:17,N,FERGCC_ST1_5,       23.70
04/14/2022 18:35:17,N,FERMI_ALL,      -25.01
04/14/2022 18:35:17,N,FLCNS_CC1,        -.60
04/14/2022 18:35:17,N,FLCNS_UNIT1,        -.60
04/14/2022 18:35:17,N,FLCNS_UNIT2,        -.60
04/14/2022 18:35:17,N,FLCNS_UNIT3,        -.60
04/14/2022 18:35:17,N,FLOWERII_RN,       -1.39
04/14/2022 18:35:17,N,FLTBES1,       -1.39
04/14/2022 18:35:17,N,FLTCK_SSI,       15.88
04/14/2022 18:35:17,N,FLUVANNA_1_2,       -1.13
04/14/2022 18:35:17,N,FLVABES1_ESR,       -1.39
04/14/2022 18:35:17,N,FOARDCTY_ALL,       -2.17
04/14/2022 18:35:17,N,FORMOSA_CC1,      -19.53
04/14/2022 18:35:17,N,FORMOSA_CC2,      -19.53
04/14/2022 18:35:17,N,FORMOSA_PUN1,      -19.53
04/14/2022 18:35:17,N,FORMOSA_PUN2,      -19.53
04/14/2022 18:35:17,N,FOXTROT_ALL,       23.31
04/14/2022 18:35:17,N,FO_FORMOSA11,      -19.53
04/14/2022 18:35:17,N,FO_FORMOSA12,      -19.53
04/14/2022 18:35:17,N,FO_FORMOSG1,      -19.53
04/14/2022 18:35:17,N,FO_FORMOSG10,      -19.53
04/14/2022 18:35:17,N,FO_FORMOSG13,      -19.53
04/14/2022 18:35:17,N,FO_FORMOSG14,      -19.53
04/14/2022 18:35:17,N,FO_FORMOSG15,      -19.53
04/14/2022 18:35:17,N,FO_FORMOSG2,      -19.53
04/14/2022 18:35:17,N,FO_FORMOSG3,      -19.53
04/14/2022 18:35:17,N,FO_FORMOSG4,      -19.53
04/14/2022 18:35:17,N,FO_FORMOSG5,      -19.53
04/14/2022 18:35:17,N,FO_FORMOSG6,      -19.53
04/14/2022 18:35:17,N,FO_FORMOSG7,      -19.53
04/14/2022 18:35:17,N,FO_FORMOSG8,      -19.53
04/14/2022 18:35:17,N,FO_FORMOSG9,      -19.53
04/14/2022 18:35:17,N,FPPYD_FPP_G1,       24.16
04/14/2022 18:35:17,N,FPPYD_FPP_G2,       24.16
04/14/2022 18:35:17,N,FPPYD_FPP_G3,       24.13
04/14/2022 18:35:17,N,FREC_1_CCU,       30.82
04/14/2022 18:35:17,N,FREC_2_CCU,       30.85
04/14/2022 18:35:17,N,FREC_CC1,       30.82
04/14/2022 18:35:17,N,FREC_CC2,       30.85
04/14/2022 18:35:17,N,FRNYPP_1_CCU,       30.75
04/14/2022 18:35:17,N,FRNYPP_2_CCU,       30.75
04/14/2022 18:35:17,N,FRNYPP_CC1,       30.75
04/14/2022 18:35:17,N,FRNYPP_CC2,       30.75
04/14/2022 18:35:17,N,FTR_CC1,       34.40
04/14/2022 18:35:17,N,FTR_FTR_G1_4,       34.40
04/14/2022 18:35:17,N,FTWIND_UNIT1,        -.44
04/14/2022 18:35:17,N,FWLR_SLR_1,       -2.17
04/14/2022 18:35:17,N,GALO_RN1,       -2.27
04/14/2022 18:35:17,N,GAMBIT_RN,       83.50
04/14/2022 18:35:17,N,GBY_GT,       42.23
04/14/2022 18:35:17,N,GID_GIDEONG1,       25.74
04/14/2022 18:35:17,N,GID_GIDEONG2,       25.74
04/14/2022 18:35:17,N,GID_GIDEONG3,       25.74
04/14/2022 18:35:17,N,GOA_GOATWIND,       -2.91
04/14/2022 18:35:17,N,GPASTURE_ALL,       -1.53
04/14/2022 18:35:17,N,GRANDVW1_A_B,       -3.48
04/14/2022 18:35:17,N,GREASWOD_ALL,       -2.12
04/14/2022 18:35:17,N,GRIF_TRL_RN,       -2.05
04/14/2022 18:35:17,N,GRSES_UNIT1,        7.37
04/14/2022 18:35:17,N,GRSES_UNIT2,       -1.59
04/14/2022 18:35:17,N,GUADG_CC1,       23.04
04/14/2022 18:35:17,N,GUADG_CC2,       23.04
04/14/2022 18:35:17,N,GUADG_CCU1,       23.04
04/14/2022 18:35:17,N,GUADG_CCU2,       23.04
04/14/2022 18:35:17,N,GUNMTN_NODE,        1.70
04/14/2022 18:35:17,N,GWEC_G1,       11.37
04/14/2022 18:35:17,N,HAYSEN1_2,       23.81
04/14/2022 18:35:17,N,HAYSEN3_4,       23.81
04/14/2022 18:35:17,N,HB_BUSAVG,       25.42
04/14/2022 18:35:17,N,HB_HOUSTON,       40.24
04/14/2022 18:35:17,N,HB_HUBAVG,       22.04
04/14/2022 18:35:17,N,HB_NORTH,       30.36
04/14/2022 18:35:17,N,HB_PAN,       -3.44
04/14/2022 18:35:17,N,HB_SOUTH,       18.77
04/14/2022 18:35:17,N,HB_WEST,       -1.23
04/14/2022 18:35:17,N,HELIOS_RN,       21.67
04/14/2022 18:35:17,N,HHGT_KENDAL,       24.47
04/14/2022 18:35:17,N,HHOLLW2_WND1,       -1.00
04/14/2022 18:35:17,N,HHOLLW3_WND1,       -1.00
04/14/2022 18:35:17,N,HHOLLW4_WND1,       -1.00
04/14/2022 18:35:17,N,HICK_G1_G2,       -3.16
04/14/2022 18:35:17,N,HI_LONEB_RN1,       -2.55
04/14/2022 18:35:17,N,HI_LONE_ALL,       -2.55
04/14/2022 18:35:17,N,HLSES_UNIT3,       30.51
04/14/2022 18:35:17,N,HLSES_UNIT4,       30.51
04/14/2022 18:35:17,N,HLSES_UNIT5,       30.51
04/14/2022 18:35:17,N,HOLSTEIN_ALL,       -1.21
04/14/2022 18:35:17,N,HORSCR_RN,       -2.51
04/14/2022 18:35:17,N,HORSECRK_RN,       -1.96
04/14/2022 18:35:17,N,HOVEY_GEN,       -1.65
04/14/2022 18:35:17,N,HRBESS_BESS,       -1.65
04/14/2022 18:35:17,N,HRFDWIND_ALL,       -3.99
04/14/2022 18:35:17,N,HWF_HWFG1,       -1.30
04/14/2022 18:35:17,N,H_HOLLO_WND1,       -1.00
04/14/2022 18:35:17,N,IMP_RN1,       30.62
04/14/2022 18:35:17,N,INDNENR_1_RN,       -4.36
04/14/2022 18:35:17,N,INDNENR_2_RN,       -3.43
04/14/2022 18:35:17,N,INDNNWP_RN,       -3.86
04/14/2022 18:35:17,N,INDN_INDNNWP,       -3.86
04/14/2022 18:35:17,N,IND_INADALE1,       -1.16
04/14/2022 18:35:17,N,INGLCOSW_CC1,       22.84
04/14/2022 18:35:17,N,INGLCOSW_STG,       22.84
04/14/2022 18:35:17,N,INGLCOS_CTG1,       22.84
04/14/2022 18:35:17,N,INGLCOS_CTG2,       22.84
04/14/2022 18:35:17,N,INGLCO_PUN1,       22.84
04/14/2022 18:35:17,N,INGLCO_PUN2,       22.84
04/14/2022 18:35:17,N,INGLCO_PUN3,       22.84
04/14/2022 18:35:17,N,INKS_INKS_G1,       24.88
04/14/2022 18:35:17,N,IN_INDNENR,       -4.36
04/14/2022 18:35:17,N,IN_INDNENR_2,       -4.36
04/14/2022 18:35:17,N,JACKCNTY_CC1,       25.51
04/14/2022 18:35:17,N,JACKCNTY_CT1,       25.51
04/14/2022 18:35:17,N,JACKCNTY_CT2,       25.51
04/14/2022 18:35:17,N,JACKCNTY_STG,       25.51
04/14/2022 18:35:17,N,JAY_RN_1,       23.06
04/14/2022 18:35:17,N,JCKCNTY2_CC1,       30.79
04/14/2022 18:35:17,N,JCKCNTY2_CT3,       30.79
04/14/2022 18:35:17,N,JCKCNTY2_CT4,       30.79
04/14/2022 18:35:17,N,JCKCNTY2_ST2,       30.79
04/14/2022 18:35:17,N,JC_BAT_RN,       24.11
04/14/2022 18:35:17,N,JUNO_ALL,      -16.04
04/14/2022 18:35:17,N,KARAKAW1_1,       24.15
04/14/2022 18:35:17,N,KARAKAW2_1,       24.15
04/14/2022 18:35:17,N,KEECHI_U1,       25.51
04/14/2022 18:35:17,N,KELAMSL_U1,       30.88
04/14/2022 18:35:17,N,KEO_KEO_SM1,       -2.51
04/14/2022 18:35:17,N,KINGE_ALL,       -2.38
04/14/2022 18:35:17,N,KINGW_ALL,       -2.18
04/14/2022 18:35:17,N,KING_KINGNE,       -2.38
04/14/2022 18:35:17,N,KING_KINGNW,       -2.18
04/14/2022 18:35:17,N,KING_KINGSE,       -2.38
04/14/2022 18:35:17,N,KING_KINGSW,       -2.18
04/14/2022 18:35:17,N,KMCHI_CC1,       30.60
04/14/2022 18:35:17,N,KMCHI_CC2,       30.60
04/14/2022 18:35:17,N,LAMESASLR_G,         .50
04/14/2022 18:35:17,N,LAPETUS_U1,        -.46
04/14/2022 18:35:17,N,LARDVFTN_G4,       -1.20
04/14/2022 18:35:17,N,LARDVFTN_G5,       -1.20
04/14/2022 18:35:17,N,LASSO_GEN,       -1.72
04/14/2022 18:35:17,N,LEG_LEG_G1,       32.46
04/14/2022 18:35:17,N,LEG_LEG_G2,       32.46
04/14/2022 18:35:17,N,LEONLCPCT1_2,       23.23
04/14/2022 18:35:17,N,LEONLCPCT3_4,       23.23
04/14/2022 18:35:17,N,LGDRAW_S_ALL,      -16.04
04/14/2022 18:35:17,N,LGD_LANGFORD,      -14.32
04/14/2022 18:35:17,N,LGE_CC1,       22.84
04/14/2022 18:35:17,N,LGE_LGE_GT1,       22.84
04/14/2022 18:35:17,N,LGE_LGE_GT2,       22.84
04/14/2022 18:35:17,N,LGE_LGE_STG,       22.84
04/14/2022 18:35:17,N,LGE_PUN1,       22.84
04/14/2022 18:35:17,N,LGE_PUN2,       22.84
04/14/2022 18:35:17,N,LGW_UNIT_ALL,        5.21
04/14/2022 18:35:17,N,LHM_CVC_G4,       43.41
04/14/2022 18:35:17,N,LHM_PUN1,       43.41
04/14/2022 18:35:17,N,LHM_PUN2,       43.41
04/14/2022 18:35:17,N,LHORN_N_U1_2,       -3.48
04/14/2022 18:35:17,N,LHSES_UNIT1,       30.73
04/14/2022 18:35:17,N,LHSES_UNIT2,       30.73
04/14/2022 18:35:17,N,LILY_RN,       30.81
04/14/2022 18:35:17,N,LMAJADAS_ALL,       -7.41
04/14/2022 18:35:17,N,LNCRK_ALL,       -1.26
04/14/2022 18:35:17,N,LONEWOLF_ALL,        -.86
04/14/2022 18:35:17,N,LOSTPI_CC1,       24.79
04/14/2022 18:35:17,N,LOS_LOSTPGT1,       24.79
04/14/2022 18:35:17,N,LOS_LOSTPGT2,       24.79
04/14/2022 18:35:17,N,LOS_LOSTPST1,       24.79
04/14/2022 18:35:17,N,LPCCS_CC1,       30.60
04/14/2022 18:35:17,N,LPCCS_CC2,       30.60
04/14/2022 18:35:17,N,LPCCS_CT11,       30.60
04/14/2022 18:35:17,N,LPCCS_CT12,       30.60
04/14/2022 18:35:17,N,LPCCS_CT21,       30.60
04/14/2022 18:35:17,N,LPCCS_CT22,       30.60
04/14/2022 18:35:17,N,LPCCS_UNIT1,       30.60
04/14/2022 18:35:17,N,LPCCS_UNIT2,       30.60
04/14/2022 18:35:17,N,LV1A_LV1B,       -6.89
04/14/2022 18:35:17,N,LV3_UNIT1,      -20.84
04/14/2022 18:35:17,N,LV4_UNIT_1,      -20.84
04/14/2022 18:35:17,N,LV5_UNIT1,      -10.00
04/14/2022 18:35:17,N,LZ_AEN,       25.21
04/14/2022 18:35:17,N,LZ_CPS,       23.09
04/14/2022 18:35:17,N,LZ_HOUSTON,       45.12
04/14/2022 18:35:17,N,LZ_LCRA,       25.05
04/14/2022 18:35:17,N,LZ_NORTH,       30.20
04/14/2022 18:35:17,N,LZ_RAYBN,       30.67
04/14/2022 18:35:17,N,LZ_SOUTH,       19.51
04/14/2022 18:35:17,N,LZ_WEST,         .63
04/14/2022 18:35:17,N,MADERO_RN,      -11.34
04/14/2022 18:35:17,N,MARBFA,       24.16
04/14/2022 18:35:17,N,MARIAH_ALL,       -3.99
04/14/2022 18:35:17,N,MAR_MARSFOG1,       25.13
04/14/2022 18:35:17,N,MAR_MARSFOG2,       25.13
04/14/2022 18:35:17,N,MAR_MARSFOG3,       25.13
04/14/2022 18:35:17,N,MASSENGL_CC1,       -7.80
04/14/2022 18:35:17,N,MASSENGL_G6,       -7.93
04/14/2022 18:35:17,N,MASSENGL_G7,       -7.93
04/14/2022 18:35:17,N,MASSENGL_G8,       -7.80
04/14/2022 18:35:17,N,MAVCRK_W_ALL,       -2.27
04/14/2022 18:35:17,N,MCDLD_FCSBW1,        4.87
04/14/2022 18:35:17,N,MCSES_UNIT6,       30.71
04/14/2022 18:35:17,N,MCSES_UNIT7,       30.71
04/14/2022 18:35:17,N,MCSES_UNIT8,       30.71
04/14/2022 18:35:17,N,MDANP_CT1_2,       30.78
04/14/2022 18:35:17,N,MDANP_CT3_4,       30.69
04/14/2022 18:35:17,N,MDANP_CT5_6,       30.78
04/14/2022 18:35:17,N,MESQCRK_ALL,      -16.04
04/14/2022 18:35:17,N,MESTENO_RN,      -20.84
04/14/2022 18:35:17,N,MGSES_CT123,        1.82
04/14/2022 18:35:17,N,MGSES_CT456,        1.82
04/14/2022 18:35:17,N,MIAM1_G1_G2,       -3.27
04/14/2022 18:35:17,N,MIL_MILG1_2,       24.57
04/14/2022 18:35:17,N,MIL_MILG345,       24.57
04/14/2022 18:35:17,N,MIRAGE_G1,       53.42
04/14/2022 18:35:17,N,MIRASOLE_GEN,      -23.00
04/14/2022 18:35:17,N,MISAE_GEN_RN,       -2.68
04/14/2022 18:35:17,N,MLSES_UNIT1,       30.86
04/14/2022 18:35:17,N,MLSES_UNIT2,       30.86
04/14/2022 18:35:17,N,MLSES_UNIT3,       30.86
04/14/2022 18:35:17,N,MOZART_WIND1,         .65
04/14/2022 18:35:17,N,MWEC_G1,         .09
04/14/2022 18:35:17,N,NACPW_UNIT1,       30.93
04/14/2022 18:35:17,N,NBOHR_RN,      -31.65
04/14/2022 18:35:17,N,NCARBIDEG8,       12.82
04/14/2022 18:35:17,N,NCARBIDE_1_7,       12.82
04/14/2022 18:35:17,N,NCARBID_PUN1,       12.82
04/14/2022 18:35:17,N,NCARBID_PUN2,       12.82
04/14/2022 18:35:17,N,NCO_RN,       89.19
04/14/2022 18:35:17,N,NEBULA_RN,       -7.91
04/14/2022 18:35:17,N,NEDIN_CC1,      -13.07
04/14/2022 18:35:17,N,NED_NEDIN_G1,      -13.07
04/14/2022 18:35:17,N,NED_NEDIN_G2,      -13.07
04/14/2022 18:35:17,N,NED_NEDIN_G3,      -13.07
04/14/2022 18:35:17,N,NF_BRP_RN,       24.97
04/14/2022 18:35:17,N,NOBLESLR_ALL,       30.64
04/14/2022 18:35:17,N,NUECES_B_CC1,       25.83
04/14/2022 18:35:17,N,NUE_NUECESG7,       25.84
04/14/2022 18:35:17,N,NUE_NUECESG8,       25.83
04/14/2022 18:35:17,N,NUE_NUECESG9,       25.83
04/14/2022 18:35:17,N,NWF_NWF1,        -.60
04/14/2022 18:35:17,N,OBERON_U1,        -.70
04/14/2022 18:35:17,N,ODESW_RN,        -.58
04/14/2022 18:35:17,N,OECCS_1,        -.69
04/14/2022 18:35:17,N,OECCS_2,        -.69
04/14/2022 18:35:17,N,OECCS_CC1,        -.69
04/14/2022 18:35:17,N,OECCS_CC2,        -.69
04/14/2022 18:35:17,N,OGSES_1,       32.41
04/14/2022 18:35:17,N,OGSES_2,       32.41
04/14/2022 18:35:17,N,OKLA_OKLA_G1,       -1.70
04/14/2022 18:35:17,N,OLIN_OLING_1,       30.68
04/14/2022 18:35:17,N,OLIN_OLING_2,       30.68
04/14/2022 18:35:17,N,OLIN_OLING_3,       30.68
04/14/2022 18:35:17,N,OLIN_OLING_4,       30.68
04/14/2022 18:35:17,N,OWF_OWF,        8.35
04/14/2022 18:35:17,N,OXY_OXY_CCG1,       25.61
04/14/2022 18:35:17,N,OXY_PUN1,       25.61
04/14/2022 18:35:17,N,OXY_PUN2,       25.61
04/14/2022 18:35:17,N,PALMWI_UNIT1,       -7.11
04/14/2022 18:35:17,N,PANDA_S_CC1,       30.29
04/14/2022 18:35:17,N,PANDA_S_CT1,       30.29
04/14/2022 18:35:17,N,PANDA_S_CT2,       30.29
04/14/2022 18:35:17,N,PANDA_S_ST1,       30.29
04/14/2022 18:35:17,N,PANDA_T1_CC1,       29.86
04/14/2022 18:35:17,N,PANDA_T1_CT1,       29.86
04/14/2022 18:35:17,N,PANDA_T1_CT2,       29.86
04/14/2022 18:35:17,N,PANDA_T1_ST1,       29.86
04/14/2022 18:35:17,N,PANDA_T2_CC1,       29.86
04/14/2022 18:35:17,N,PANDA_T2_CT1,       29.86
04/14/2022 18:35:17,N,PANDA_T2_CT2,       29.86
04/14/2022 18:35:17,N,PANDA_T2_ST1,       29.86
04/14/2022 18:35:17,N,PAP1_PAP1,       25.61
04/14/2022 18:35:17,N,PB2SES_CT1,        -.87
04/14/2022 18:35:17,N,PB2SES_CT2,        -.87
04/14/2022 18:35:17,N,PB2SES_CT3,        -.87
04/14/2022 18:35:17,N,PB2SES_CT4,        -.87
04/14/2022 18:35:17,N,PB2SES_CT5,        -.87
04/14/2022 18:35:17,N,PC_NORTH_1,        -.71
04/14/2022 18:35:17,N,PC_SOUTH_ALL,        -.71
04/14/2022 18:35:17,N,PEARSA_1_24,       21.72
04/14/2022 18:35:17,N,PENA_ALL,        -.32
04/14/2022 18:35:17,N,PES1_RN,       45.98
04/14/2022 18:35:17,N,PEY_RN,       28.26
04/14/2022 18:35:17,N,PH1_UNIT1_2,       -3.37
04/14/2022 18:35:17,N,PH2_U1_U2,       -3.37
04/14/2022 18:35:17,N,PHILLWND_ALL,       30.39
04/14/2022 18:35:17,N,PHOEBE_ALL,        -.78
04/14/2022 18:35:17,N,PHOENIX_RN,       30.54
04/14/2022 18:35:17,N,PLN_ALL,        7.90
04/14/2022 18:35:17,N,PNPI_GT2_RN,       51.68
04/14/2022 18:35:17,N,PRID_RN,       -2.69
04/14/2022 18:35:17,N,PROSPERO_ALL,        -.49
04/14/2022 18:35:17,N,PRO_RN,       52.63
04/14/2022 18:35:17,N,PRSPERO2_ALL,        -.49
04/14/2022 18:35:17,N,PR_PR_ALL,       47.51
04/14/2022 18:35:17,N,PR_PR_G2,       47.51
04/14/2022 18:35:17,N,PSA_CC1,       45.66
04/14/2022 18:35:17,N,PSA_PSA_G1,       45.66
04/14/2022 18:35:17,N,PSA_PSA_G2,       45.66
04/14/2022 18:35:17,N,PSA_PSA_G3,       45.66
04/14/2022 18:35:17,N,PSA_PSA_G4,       45.66
04/14/2022 18:35:17,N,PSA_PSA_G5,       45.66
04/14/2022 18:35:17,N,PSA_PSA_G6,       45.66
04/14/2022 18:35:17,N,PSA_PSA_G7,       45.66
04/14/2022 18:35:17,N,PSA_PUN1,       45.66
04/14/2022 18:35:17,N,PSA_PUN2,       45.66
04/14/2022 18:35:17,N,PSA_PUN3,       45.66
04/14/2022 18:35:17,N,PSA_PUN4,       45.66
04/14/2022 18:35:17,N,PSA_PUN5,       45.66
04/14/2022 18:35:17,N,PSG_CC1,       48.09
04/14/2022 18:35:17,N,PSG_PSG_GT2,       48.09
04/14/2022 18:35:17,N,PSG_PSG_GT3,       48.09
04/14/2022 18:35:17,N,PSG_PSG_ST1,       48.09
04/14/2022 18:35:17,N,PTLBES_BESS1,       16.75
04/14/2022 18:35:17,N,PYR_PYRON1,       -1.16
04/14/2022 18:35:17,N,QALSW_ALL,        -.69
04/14/2022 18:35:17,N,QALSW_CC1,        -.69
04/14/2022 18:35:17,N,QALSW_CC2,        -.69
04/14/2022 18:35:17,N,QUEEN_BA_RN,       -1.77
04/14/2022 18:35:17,N,QUEEN_SL_RN,       -1.77
04/14/2022 18:35:17,N,RAB_G1-8,       36.35
04/14/2022 18:35:17,N,RADN_SLR_ALL,       -1.97
04/14/2022 18:35:17,N,RAMBLER_UNIT,       -2.94
04/14/2022 18:35:17,N,RANCHERO_ALL,       -2.87
04/14/2022 18:35:17,N,RAT_RN_1,       -1.32
04/14/2022 18:35:17,N,RAYBURN_CC1,       35.45
04/14/2022 18:35:17,N,RAYBURN_G1_2,       37.71
04/14/2022 18:35:17,N,RAYB_G78910,       35.45
04/14/2022 18:35:17,N,RDCAN_RDCNY1,         .18
04/14/2022 18:35:17,N,REDBARN_RN,       -2.14
04/14/2022 18:35:17,N,REDFISH_ALL,        1.31
04/14/2022 18:35:17,N,REDGATE_ALL,      -24.67
04/14/2022 18:35:17,N,REDGATE_RN,      -24.67
04/14/2022 18:35:17,N,RELOJ_ALL,      -20.66
04/14/2022 18:35:17,N,REROCK_ALL,       -1.65
04/14/2022 18:35:17,N,RHESS2_ESS1,       26.27
04/14/2022 18:35:17,N,RHESS_1,       26.27
04/14/2022 18:35:17,N,RIGGIN_UNIT1,       -1.76
04/14/2022 18:35:17,N,RIONOG_CC1,       23.56
04/14/2022 18:35:17,N,RIONOG_CT1,       23.56
04/14/2022 18:35:17,N,RIONOG_CT2,       23.56
04/14/2022 18:35:17,N,RIONOG_CT3,       23.56
04/14/2022 18:35:17,N,RIONOG_ST1,       23.56
04/14/2022 18:35:17,N,RIPPEY_ALL,       28.75
04/14/2022 18:35:17,N,RN_APOGEE,       -1.40
04/14/2022 18:35:17,N,RN_BYU_G8,       53.73
04/14/2022 18:35:17,N,RN_DEC_AGR_A,       30.13
04/14/2022 18:35:17,N,RN_DEC_AGR_B,       30.13
04/14/2022 18:35:17,N,RN_DEC_AGR_C,       30.13
04/14/2022 18:35:17,N,RN_DEC_AGR_D,       30.13
04/14/2022 18:35:17,N,RN_ECEC_HOLT,        -.53
04/14/2022 18:35:17,N,RN_OCI_ALAMO,       23.15
04/14/2022 18:35:17,N,RN_RTS1,       -2.13
04/14/2022 18:35:17,N,RN_SR_WIND1,       -7.63
04/14/2022 18:35:17,N,RN_TOSBATT,       18.06
04/14/2022 18:35:17,N,ROSELAND_ALL,       30.55
04/14/2022 18:35:17,N,ROUTE66_RN,       -3.48
04/14/2022 18:35:17,N,RPUBRDS_RN,       32.37
04/14/2022 18:35:17,N,RSK_RN,      -31.65
04/14/2022 18:35:17,N,SADLBACK_RN,       -1.26
04/14/2022 18:35:17,N,SALVTION_GEN,       -1.96
04/14/2022 18:35:17,N,SAMSON_ALL,       30.64
04/14/2022 18:35:17,N,SANDHSYD1_2,       25.07
04/14/2022 18:35:17,N,SANDHSYD3_4,       25.07
04/14/2022 18:35:17,N,SANDHSYD6_7,       25.07
04/14/2022 18:35:17,N,SANDHSYD_5AC,       25.07
04/14/2022 18:35:17,N,SANDHSYD_CC1,       25.07
04/14/2022 18:35:17,N,SANTACRU_ALL,       30.57
04/14/2022 18:35:17,N,SAN_SANMIGG1,       20.62
04/14/2022 18:35:17,N,SBE_RN_1,       35.86
04/14/2022 18:35:17,N,SC2SES_UNIT1,       30.93
04/14/2022 18:35:17,N,SCES_UNIT1,       30.55
04/14/2022 18:35:17,N,SCLP_PUN1,       87.83
04/14/2022 18:35:17,N,SCLP_PUN2,       88.23
04/14/2022 18:35:17,N,SCLP_PUN3,       88.23
04/14/2022 18:35:17,N,SCLP_PUN4,       88.23
04/14/2022 18:35:17,N,SCLP_SCLPC_1,       88.23
04/14/2022 18:35:17,N,SCLP_SCLPC_2,       88.23
04/14/2022 18:35:17,N,SCLP_SCLPC_3,       88.23
04/14/2022 18:35:17,N,SCLP_SCLPC_4,       88.23
04/14/2022 18:35:17,N,SCSES_UNIT2,       30.93
04/14/2022 18:35:17,N,SDSES_PUN1,       29.50
04/14/2022 18:35:17,N,SDSES_PUN2,       29.50
04/14/2022 18:35:17,N,SDSES_PUN3,       29.50
04/14/2022 18:35:17,N,SDSES_PUN4,       29.50
04/14/2022 18:35:17,N,SENATEWD_1,       -1.80
04/14/2022 18:35:17,N,SGM_SIGNALMT,        2.18
04/14/2022 18:35:17,N,SGSA_DGR,       -1.65
04/14/2022 18:35:17,N,SHAFFER_ALL,       26.71
04/14/2022 18:35:17,N,SHANNONW_RN,       -1.46
04/14/2022 18:35:17,N,SILASRAY_CC1,       -7.95
04/14/2022 18:35:17,N,SIL_SILAS_10,       -7.95
04/14/2022 18:35:17,N,SIL_SILAS_6,       -7.95
04/14/2022 18:35:17,N,SIL_SILAS_9,       -7.95
04/14/2022 18:35:17,N,SIRIUS_UNIT1,       -3.39
04/14/2022 18:35:17,N,SJS_SJS_G1,       52.44
04/14/2022 18:35:17,N,SJS_SJS_G2,       52.44
04/14/2022 18:35:17,N,SKY1,       71.24
04/14/2022 18:35:17,N,SLCN_ESS_ALL,       26.15
04/14/2022 18:35:17,N,SLTFRK_UN1_2,       -3.27
04/14/2022 18:35:17,N,SL_PUN1,       47.95
04/14/2022 18:35:17,N,SL_PUN2,       47.95
04/14/2022 18:35:17,N,SL_SL_G1,       47.95
04/14/2022 18:35:17,N,SL_SL_G2,       47.95
04/14/2022 18:35:17,N,SL_SL_G3,       47.95
04/14/2022 18:35:17,N,SL_SL_G4,       47.95
04/14/2022 18:35:17,N,SNY_BESS_RN,        1.05
04/14/2022 18:35:17,N,SOLARA_UNIT1,         .44
04/14/2022 18:35:17,N,SPARTA_ALL,       23.31
04/14/2022 18:35:17,N,SPLAIN1_RN,       -3.62
04/14/2022 18:35:17,N,SPLAIN2_RN,       -3.62
04/14/2022 18:35:17,N,SPNC_SPNCE_4,       29.99
04/14/2022 18:35:17,N,SPNC_SPNCE_5,       29.99
04/14/2022 18:35:17,N,SPTX12B_RN,       -2.16
04/14/2022 18:35:17,N,SRWE1_UNIT1,      -16.04
04/14/2022 18:35:17,N,SSPURT_WIND1,       -3.73
04/14/2022 18:35:17,N,STEAM_ENG123,       30.68
04/14/2022 18:35:17,N,STEA_STEAM_1,       30.68
04/14/2022 18:35:17,N,STEA_STEAM_2,       30.68
04/14/2022 18:35:17,N,STEA_STEAM_3,       30.68
04/14/2022 18:35:17,N,STELLA_RN,        -.32
04/14/2022 18:35:17,N,STP_STP_G1,        2.05
04/14/2022 18:35:17,N,STP_STP_G2,        2.05
04/14/2022 18:35:17,N,STRATEGC_RN,       31.30
04/14/2022 18:35:17,N,STWF_T1,        1.32
04/14/2022 18:35:17,N,SWEC_G1,        1.36
04/14/2022 18:35:17,N,SWEETWN2_2_4,       -1.02
04/14/2022 18:35:17,N,SWEETWN3_3,       -1.02
04/14/2022 18:35:17,N,SWEETWND_1,       -1.02
04/14/2022 18:35:17,N,SWOOSE1_U1,       -1.01
04/14/2022 18:35:17,N,SWOOSEII_RN,       -1.01
04/14/2022 18:35:17,N,SWTWN4_WND45,       -1.02
04/14/2022 18:35:17,N,SWT_BESS_RN,        1.33
04/14/2022 18:35:17,N,S_HILLS_RN,        6.42
04/14/2022 18:35:17,N,TAHOKA_ALL,      -13.75
04/14/2022 18:35:17,N,TAV_RN,       46.19
04/14/2022 18:35:17,N,TAYGETE2_ALL,       -1.47
04/14/2022 18:35:17,N,TAYGETE_ALL,       -1.47
04/14/2022 18:35:17,N,TC_PUN1,       46.89
04/14/2022 18:35:17,N,TC_PUN2,       46.89
04/14/2022 18:35:17,N,TC_TCHP1,       46.89
04/14/2022 18:35:17,N,TEN_CC1,       29.65
04/14/2022 18:35:17,N,TEN_CT1_STG,       29.65
04/14/2022 18:35:17,N,TGCCS_ALL,       30.87
04/14/2022 18:35:17,N,TGCCS_CC1,       30.87
04/14/2022 18:35:17,N,TGF_TGFGT,      203.79
04/14/2022 18:35:17,N,TGW_T1_T2,        -.32
04/14/2022 18:35:17,N,THW_1_CCU,       37.89
04/14/2022 18:35:17,N,THW_2_CCU,       37.89
04/14/2022 18:35:17,N,THW_CC1,       37.89
04/14/2022 18:35:17,N,THW_CC2,       37.89
04/14/2022 18:35:17,N,THW_THWGT5X,       37.54
04/14/2022 18:35:17,N,THW_THWGT_1,       38.64
04/14/2022 18:35:17,N,TI_SOLAR_ALL,       -1.12
04/14/2022 18:35:17,N,TKWSW_CHAMP,       -1.16
04/14/2022 18:35:17,N,TKWSW_ROSCOE,       -1.16
04/14/2022 18:35:17,N,TNP_TNP_O_1,       31.69
04/14/2022 18:35:17,N,TNP_TNP_O_2,       31.69
04/14/2022 18:35:17,N,TNSKA_CC1,       30.61
04/14/2022 18:35:17,N,TNSKA_CCU,       30.61
04/14/2022 18:35:17,N,TOPAZ_ALL,       67.95
04/14/2022 18:35:17,N,TORR_ALL,      -17.73
04/14/2022 18:35:17,N,TOYAH_RN,       -1.65
04/14/2022 18:35:17,N,TRENT_TRENT,        1.32
04/14/2022 18:35:17,N,TRINITY_ALL,       -1.28
04/14/2022 18:35:17,N,TRIPBUT1_RN,       -1.72
04/14/2022 18:35:17,N,TRSES_UNIT6,       30.81
04/14/2022 18:35:17,N,TRUENO_ALL,       -7.74
04/14/2022 18:35:17,N,TRUSGILL_RN,       -2.00
04/14/2022 18:35:17,N,TTRSW_RN,       30.64
04/14/2022 18:35:17,N,TTWEC_G1,        -.76
04/14/2022 18:35:17,N,TXCTY_CC1,       67.95
04/14/2022 18:35:17,N,TXCTY_CTA,       67.95
04/14/2022 18:35:17,N,TXCTY_CTB,       67.95
04/14/2022 18:35:17,N,TXCTY_CTC,       67.95
04/14/2022 18:35:17,N,TXCTY_ST,       67.95
04/14/2022 18:35:17,N,TYLRWIND_RN,       26.72
04/14/2022 18:35:17,N,T_CK_GT2_RN,       -8.77
04/14/2022 18:35:17,N,T_CK_GT3_RN,       -8.77
04/14/2022 18:35:17,N,UCC_COG_PUN2,       67.95
04/14/2022 18:35:17,N,UCC_UCC_C_2,       67.95
04/14/2022 18:35:17,N,VANCOURT_RN,       -7.91
04/14/2022 18:35:17,N,VENADO_ALL,       -6.57
04/14/2022 18:35:17,N,VERAWIND_ALL,       -2.00
04/14/2022 18:35:17,N,VERTIGO_UN1,       -1.53
04/14/2022 18:35:17,N,VICTORIA_CC1,       28.69
04/14/2022 18:35:17,N,VICTPORT_ALL,       22.45
04/14/2022 18:35:17,N,VICTPORT_RN,       22.45
04/14/2022 18:35:17,N,VIC_VICTORG5,       28.69
04/14/2022 18:35:17,N,VIC_VICTORG6,       28.69
04/14/2022 18:35:17,N,VISION_RN,       31.40
04/14/2022 18:35:17,N,VLSES_UNIT3,       30.60
04/14/2022 18:35:17,N,VORT_ALL_RN,       -1.89
04/14/2022 18:35:17,N,WAKEWE_ALL,       -2.82
04/14/2022 18:35:17,N,WAP_WAPGT_1,       51.68
04/14/2022 18:35:17,N,WAP_WAP_G1,       51.68
04/14/2022 18:35:17,N,WAP_WAP_G2,       51.68
04/14/2022 18:35:17,N,WAP_WAP_G3,       48.36
04/14/2022 18:35:17,N,WAP_WAP_G4,       48.36
04/14/2022 18:35:17,N,WAP_WAP_G5,       51.68
04/14/2022 18:35:17,N,WAP_WAP_G6,       28.13
04/14/2022 18:35:17,N,WAP_WAP_G7,       31.21
04/14/2022 18:35:17,N,WAP_WAP_G8,       36.34
04/14/2022 18:35:17,N,WAYMARK_RN,       -2.14
04/14/2022 18:35:17,N,WCPP_CC1,       30.75
04/14/2022 18:35:17,N,WCPP_CT1,       30.75
04/14/2022 18:35:17,N,WCPP_CT2,       30.75
04/14/2022 18:35:17,N,WCPP_ST1,       30.75
04/14/2022 18:35:17,N,WEBBER_WS_T1,       25.03
04/14/2022 18:35:17,N,WEC_WECG1,         .09
04/14/2022 18:35:17,N,WES_ALL,       86.36
04/14/2022 18:35:17,N,WFCOGEN_13,        1.85
04/14/2022 18:35:17,N,WFCOGEN_24,        1.85
04/14/2022 18:35:17,N,WFCOGEN_CC1,        1.85
04/14/2022 18:35:17,N,WGU_RN,       78.84
04/14/2022 18:35:17,N,WHCCS2_4,       30.55
04/14/2022 18:35:17,N,WHCCS2_5_6,       30.55
04/14/2022 18:35:17,N,WHCCS2_CC2,       30.55
04/14/2022 18:35:17,N,WHCCS_CC1,       30.55
04/14/2022 18:35:17,N,WHCCS_CT1_ST,       30.55
04/14/2022 18:35:17,N,WHCCS_CT2,       30.55
04/14/2022 18:35:17,N,WHITE_PT_UN1,       23.22
04/14/2022 18:35:17,N,WHMESA_U1,       -3.16
04/14/2022 18:35:17,N,WHTTAIL_WR1,       25.83
04/14/2022 18:35:17,N,WH_WIND_ALL,       -1.39
04/14/2022 18:35:17,N,WILDWIND_ALL,       30.63
04/14/2022 18:35:17,N,WIPOPA_1_2,       26.76
04/14/2022 18:35:17,N,WIPOPA_3_4,       26.76
04/14/2022 18:35:17,N,WIR_WIRTZ_G1,       23.87
04/14/2022 18:35:17,N,WIR_WIRTZ_G2,       23.87
04/14/2022 18:35:17,N,WL_RANCH_RN,       -4.31
04/14/2022 18:35:17,N,WNDTS2_UNIT1,       10.72
04/14/2022 18:35:17,N,WND_WHITNEY,       29.13
04/14/2022 18:35:17,N,WOODWRD1_RN,       -2.47
04/14/2022 18:35:17,N,WOODWRD2_RN,       -2.47
04/14/2022 18:35:17,N,WOO_WOODWRD1,       -2.47
04/14/2022 18:35:17,N,WOO_WOODWRD2,       -2.51
04/14/2022 18:35:17,N,WOV_BESS_RN,        -.52
04/14/2022 18:35:17,N,WRSBES_BESS1,       -1.14
04/14/2022 18:35:17,N,W_PECO_UNIT1,       -1.08
04/14/2022 18:35:17,N,X443ESRN,       23.12
